<?xml version="1.0" encoding="UTF-8"?>
<beans xmlns="http://www.springframework.org/schema/beans"
	xmlns:xsi="http://www.w3.org/2001/XMLSchema-instance"
	xmlns:context="http://www.springframework.org/schema/context"
	xmlns:mvc="http://www.springframework.org/schema/mvc"
	xsi:schemaLocation="
		http://www.springframework.org/schema/beans	http://www.springframework.org/schema/beans/spring-beans-3.0.xsd
		http://www.springframework.org/schema/context http://www.springframework.org/schema/context/spring-context-3.0.xsd
		http://www.springframework.org/schema/mvc http://www.springframework.org/schema/mvc/spring-mvc-3.0.xsd">

	<!-- Application Message Bundle -->
	<bean id="messageSource" class="org.springframework.context.support.ReloadableResourceBundleMessageSource">
		<property name="basename" value="/WEB-INF/messages" />
		<property name="cacheSeconds" value="3000" />
	</bean>
	
	<!-- Scans the classpath of this application for @Components to deploy as beans -->
	<context:component-scan base-package="com.dell.shopping" />
	
	<!-- Configures the @Controller programming model -->
	<mvc:annotation-driven />
	
	
	<!-- Resolves view names to protected .jsp resources within the /WEB-INF/views directory -->
	<bean id="viewResolver" class="org.springframework.web.servlet.view.InternalResourceViewResolver">
		<property name="prefix" value="/WEB-INF/jsp/"/>
		<property name="suffix" value=".jsp"/>
	</bean>
	
	
	<bean id="loginDao" class="com.dell.shopping.dao.impl.LoginDAOImpl">
		<property name="jdbcTemplate" ref="jdbcTemplateBean"></property>
	</bean>
	
	<bean id="registerDao" class="com.dell.shopping.dao.impl.RegisterDAOImpl">
		<property name="jdbcTemplate" ref="jdbcTemplateBean"></property>
	</bean>
	
	<bean id="categoryDao" class="com.dell.shopping.dao.impl.CategoryDAOImpl">
		<property name="jdbcTemplate" ref="jdbcTemplateBean"></property>
	</bean>
	
	<bean id="subCategoryDao" class="com.dell.shopping.dao.impl.SubCategoryDAOImpl">
		<property name="jdbcTemplate" ref="jdbcTemplateBean"></property>
	</bean>
	
	<bean id="productDao" class="com.dell.shopping.dao.impl.ProductDAOImpl">
		<property name="jdbcTemplate" ref="jdbcTemplateBean"></property>
	</bean>
	
	<bean id="jdbcTemplateBean" class="org.springframework.jdbc.core.JdbcTemplate">
		<property name="dataSource" ref="dataSourceBean"></property>
	</bean>
	
	<bean id="dataSourceBean" class="org.springframework.jdbc.datasource.DriverManagerDataSource">
		<property name="driverClassName" value="oracle.jdbc.OracleDriver"></property>
		<property name="url" value="jdbc:oracle:thin:@localhost:1521:xe"></property>
		<property name="username" value="system"></property>
		<property name="password" value="manager"></property>
	</bean>
</beans>
